,number_of_episodes,noise_history,perf_tracker
0,5,"[0.01, 0.006666666666666667, 0.0044444444444444444, 0.0007407407407407407, 0.0001234567901234568]","[10.0, 21.0, 500.0, 500.0, 500.0]"
1,73,"[0.01, 0.006666666666666667, 0.0044444444444444444, 0.002962962962962963, 0.0019753086419753087, 0.0013168724279835392, 0.0008779149519890262, 0.0005852766346593508, 0.0003901844231062339, 0.0005852766346593508, 0.0008779149519890263, 0.0013168724279835394, 0.001975308641975309, 0.0013168724279835394, 0.0008779149519890263, 0.0005852766346593508, 0.0008779149519890263, 0.0005852766346593508, 0.0003901844231062339, 0.00026012294873748923, 0.00017341529915832616, 0.00026012294873748923, 0.0003901844231062339, 0.0005852766346593508, 0.0008779149519890263, 0.0013168724279835394, 0.001975308641975309, 0.0029629629629629637, 0.001975308641975309, 0.0029629629629629637, 0.004444444444444445, 0.0029629629629629637, 0.004444444444444445, 0.006666666666666668, 0.010000000000000002, 0.015000000000000003, 0.010000000000000002, 0.015000000000000003, 0.022500000000000006, 0.03375000000000001, 0.05062500000000002, 0.07593750000000002, 0.11390625000000003, 0.17085937500000004, 0.25628906250000005, 0.3844335937500001, 0.5766503906250001, 0.8649755859375001, 1.2974633789062502, 1.9461950683593754, 2, 0.3333333333333333, 0.3333333333333333, 0.05555555555555555, 0.009259259259259259, 0.009259259259259259, 0.0015432098765432098, 0.00025720164609053495, 0.00025720164609053495, 0.00025720164609053495, 4.286694101508916e-05, 4.286694101508916e-05, 4.286694101508916e-05, 4.286694101508916e-05, 7.144490169181527e-06, 7.144490169181527e-06, 7.144490169181527e-06, 1.1907483615302546e-06, 1.1907483615302546e-06, 1.1907483615302546e-06, 1.1907483615302546e-06, 2.5e-07, 2.5e-07]","[10.0, 10.0, 10.0, 10.0, 10.0, 10.0, 10.0, 10.0, 8.0, 9.0, 9.0, 9.0, 10.0, 10.0, 10.0, 9.0, 10.0, 10.0, 10.0, 11.0, 10.0, 10.0, 10.0, 10.0, 9.0, 10.0, 10.0, 11.0, 10.0, 10.0, 11.0, 9.0, 10.0, 10.0, 9.0, 227.0, 26.0, 10.0, 10.0, 15.0, 162.0, 10.0, 15.0, 10.0, 22.0, 147.0, 24.0, 98.0, 8.0, 9.0, 500.0, 292.0, 500.0, 500.0, 157.0, 500.0, 500.0, 265.0, 258.0, 500.0, 247.0, 290.0, 359.0, 500.0, 220.0, 231.0, 500.0, 275.0, 249.0, 236.0, 500.0, 500.0, 500.0]"
2,9,"[0.01, 0.0016666666666666668, 0.0016666666666666668, 0.0016666666666666668, 0.0016666666666666668, 0.0016666666666666668, 0.0016666666666666668, 0.0002777777777777778, 4.6296296296296294e-05]","[500.0, 9.0, 9.0, 11.0, 81.0, 10.0, 500.0, 500.0, 500.0]"
