,number_of_episodes,noise_history,perf_tracker
0,7,"[0.01, 0.006666666666666667, 0.01, 0.0016666666666666668, 0.0016666666666666668, 0.0002777777777777778, 4.6296296296296294e-05]","[28.0, 10.0, 500.0, 203.0, 500.0, 500.0, 500.0]"
1,9,"[0.01, 0.006666666666666667, 0.0044444444444444444, 0.0007407407407407407, 0.0007407407407407407, 0.0001234567901234568, 0.0001234567901234568, 2.05761316872428e-05, 3.4293552812071335e-06]","[9.0, 309.0, 500.0, 289.0, 500.0, 468.0, 500.0, 500.0, 500.0]"
2,30,"[0.01, 0.006666666666666667, 0.0044444444444444444, 0.006666666666666666, 0.009999999999999998, 0.014999999999999998, 0.022499999999999996, 0.014999999999999998, 0.009999999999999998, 0.014999999999999998, 0.022499999999999996, 0.033749999999999995, 0.05062499999999999, 0.07593749999999999, 0.11390624999999999, 0.17085937499999998, 0.25628906249999994, 0.3844335937499999, 0.5766503906249999, 0.8649755859374999, 1.29746337890625, 1.946195068359375, 2, 2, 0.3333333333333333, 0.3333333333333333, 0.05555555555555555, 0.05555555555555555, 0.009259259259259259, 0.0015432098765432098]","[58.0, 135.0, 48.0, 57.0, 51.0, 11.0, 191.0, 412.0, 146.0, 224.0, 62.0, 291.0, 10.0, 181.0, 60.0, 10.0, 58.0, 176.0, 154.0, 10.0, 31.0, 62.0, 10.0, 500.0, 309.0, 500.0, 450.0, 500.0, 500.0, 500.0]"
