{"num_eps": 96, "_timestamp": 1660989709.717628, "_runtime": 76.01566100120544, "_step": 95}