{"num_eps": 9, "_timestamp": 1660990001.934004, "_runtime": 282.9379050731659, "_step": 86, "_wandb": {"runtime": 282}}